country_group,obs,mape_pct
Other Europe,3,103.88406577815091
France,1,91.28394887034295
United Kingdom,12,83.5193006571315
Netherlands,2,42.7310928299821
Spain,1,27.665840768920496
