model,rolling_origin_mean_mape_pct,headline_fold_mape_pct,mean_oof_r2_log_target
Random forest,97.93388500972831,63.30421045528516,0.5536436083047086
Change D hedonic,87.67357278643861,74.11859756639983,0.5693752264883701
Naive baseline,87.18505264925477,63.1739778113332,0.5504689030931
