spec_name,label,target_mode,formula,rolling_mean_mape_pct,headline_fold_mape_pct,random_5_fold_mean_mape_pct,rsquared,rsquared_adj,headline_fold_naive_baseline_mape_pct,fold_2023_mape_pct,fold_2023_naive_baseline_mape_pct,fold_2024_mape_pct,fold_2024_naive_baseline_mape_pct,fold_2025_mape_pct,fold_2025_naive_baseline_mape_pct,fold_2026_mape_pct,fold_2026_naive_baseline_mape_pct,signal_share_of_current_residual_variance,synthetic_feature_completeness_ratio
real_change_d,Real data: Change D,real,log_deal_size_eur_mn ~ log_total_size_sqm * C(primary_asset_type) + C(country_group) + C(model_year_effect),87.67357278643861,74.11859756639983,87.11713504138758,0.596865270706155,0.5847409179454379,63.1739778113332,101.40767442770908,101.62247177416184,105.13985165958945,100.13009442871399,70.02816749205607,83.81366658281006,74.11859756639983,63.1739778113332,,
mock_observed_only,Mock target: observed features only,mock,log_deal_size_eur_mn ~ log_total_size_sqm * C(primary_asset_type) + C(country_group) + C(model_year_effect),90.93484618018121,62.11256477341078,82.44174253468063,0.6287283640513763,0.61756229981232,51.692905979663415,105.27700093871321,82.26588868368691,139.3302997430246,130.43762007443976,57.019519265576236,77.6570692894602,62.11256477341078,51.692905979663415,0.5,0.0
mock_partial_completeness,Mock target: observed + 2 synthetic features,mock,log_deal_size_eur_mn ~ log_total_size_sqm * C(primary_asset_type) + C(country_group) + C(model_year_effect) + micro_location_score + building_quality_score,67.09229506924201,53.988686943513144,66.15332143452748,0.7385488261124764,0.7298732215490895,51.692905979663415,79.4036869381955,82.26588868368691,90.53420944747538,130.43762007443976,44.442596947784004,77.6570692894602,53.988686943513144,51.692905979663415,0.5,0.5
mock_extensive_dataset,Mock target: observed + 4 synthetic features,mock,log_deal_size_eur_mn ~ log_total_size_sqm * C(primary_asset_type) + C(country_group) + C(model_year_effect) + micro_location_score + building_quality_score + lease_quality_score + tenant_covenant_score,57.60836393267901,44.921119394672004,56.82013913697597,0.7884047022799152,0.7807219683233615,51.692905979663415,72.24283004909108,82.26588868368691,73.77920409944274,130.43762007443976,39.49030218751025,77.6570692894602,44.921119394672004,51.692905979663415,0.5,1.0
