{
  "mape_target_pct": 10.0,
  "required_log_residual_sigma": 0.12452979495201605,
  "required_log_residual_variance": 0.015507669830791162,
  "log_target_variance": 1.625229853984949,
  "required_log_r2": 0.9904581682444686
}