sample_size_n,signal_share_of_current_residual_variance,n_runs,n_successful_runs,n_full_fold_coverage_runs,rolling_mean_mape_pct_mean,rolling_mean_mape_pct_p10,rolling_mean_mape_pct_p90,rolling_std_mape_pct_mean,headline_fold_mape_pct_mean,headline_fold_mape_pct_p10,headline_fold_mape_pct_p90,headline_fold_naive_baseline_mape_pct_mean,observed_capture_years,mean_rows_2021,mean_rows_2022,mean_rows_2023,mean_rows_2024,mean_rows_2025,mean_rows_2026
50,1.0,30,30,30,51.43939540693695,18.43381554822468,85.17138872153926,51.74837562353114,0.16927468473242863,2.816338398283175e-13,3.3516474753320523e-12,54.687239922379106,1.5625,14.0,14.0,6.0,7.0,7.0,2.0
80,1.0,30,30,30,27.861960748169675,11.787650113612122,44.145592395305236,23.543916075357995,0.2831199814340036,4.280856678934429e-13,2.1792534592956764e-12,109.7566103146279,2.5,23.0,22.0,9.0,12.0,11.0,3.0
100,1.0,30,30,30,22.228711061203278,12.867781559335736,34.18519846146275,19.24657265566458,1.2678133548715863e-12,2.530637419761209e-13,2.149272299049441e-12,75.16274304822142,3.125,29.0,27.0,12.0,15.0,14.0,3.0
120,1.0,30,30,30,20.209894814276087,9.734808985646469,32.564195763841525,16.846836249902204,1.1463512700689817e-12,3.5922027554280574e-13,1.7605723725771442e-12,37.06253997335029,3.75,35.0,33.0,14.0,18.0,16.0,4.0
150,1.0,30,30,30,18.110948999902373,10.048850230420125,27.481241290220122,15.075125956836214,1.0101895913331173e-12,2.450038684411987e-13,1.9978198071911055e-12,68.54790685036797,4.6875,44.0,41.0,18.0,22.0,21.0,4.0
200,1.0,30,30,30,14.777918766931794,6.905524584842255,22.94314370542944,12.175006278548473,9.63213169011981e-13,3.4790483157387733e-13,1.468518374319088e-12,77.85542157729164,6.25,59.0,55.0,24.0,29.0,27.0,6.0
300,1.0,30,30,30,11.69313510502156,5.571830845063174,16.535321749084304,9.912953027819263,9.21596405173289e-13,4.415339652675475e-13,1.3860494778141182e-12,115.08602310526894,9.375,89.0,84.0,35.0,43.0,41.0,8.0
400,1.0,30,30,30,11.338381601975914,6.4038043942671194,17.879268101909087,9.53968503918743,8.064983193636787e-13,2.625669487618306e-13,1.5635645992636431e-12,101.17000108641251,12.5,119.0,112.0,47.0,58.0,54.0,10.0
686,1.0,30,30,30,9.119021008249424,9.11902100824942,9.11902100824942,7.274861223842748,3.526177192332383e-13,3.5261771923323833e-13,3.5261771923323833e-13,64.50515675312138,21.4375,205.0,192.0,80.0,99.0,93.0,17.0
