signal_share,headline_fold_mape_pct__mock_extensive_dataset,headline_fold_mape_pct__mock_observed_only,headline_fold_mape_pct__mock_partial_completeness,headline_fold_mape_pct__mock_ultra_completeness,random_5_fold_mean_mape_pct__mock_extensive_dataset,random_5_fold_mean_mape_pct__mock_observed_only,random_5_fold_mean_mape_pct__mock_partial_completeness,random_5_fold_mean_mape_pct__mock_ultra_completeness,rolling_mean_mape_pct__mock_extensive_dataset,rolling_mean_mape_pct__mock_observed_only,rolling_mean_mape_pct__mock_partial_completeness,rolling_mean_mape_pct__mock_ultra_completeness
0.3,56.127225053849926,64.4928824552043,63.77548628613224,43.24238853963003,66.63476255593241,76.43507359052401,69.2970343104556,63.255840090706386,62.19330403808246,73.20592125012342,65.47645843623914,57.36812483764635
0.5,53.56719483465121,69.7522640194596,62.09873601372629,35.9229152002071,57.34257205044154,75.12569719917505,62.69970397421184,51.23319565865542,55.241492421595666,75.65661107165485,61.11783847745056,47.41633952191724
0.7,50.52989148753812,75.15279043964803,61.61301603719637,27.374400298068192,47.60562868581646,74.25952267259204,55.88747371711029,38.060668593831856,47.82509235160411,78.46180132840699,57.49101931763493,36.44277959003864
0.85,47.27117015835829,78.36176884125268,62.57967459282761,19.14691299473929,39.41632386564217,72.9576729801946,50.64343781877566,26.105024622973183,41.64823902066442,80.76014332208246,54.86342836042225,26.39085538881254
0.95,43.38939870895121,83.281081162037,62.19932778360337,10.997856217047577,33.323550512204534,71.92384627382346,47.08093344271502,14.784721542060385,36.60429254776678,83.80604466173264,52.645812144053444,17.10169394853783
