signal_share,headline_fold_mape_pct__mock_extensive_dataset,headline_fold_mape_pct__mock_observed_only,headline_fold_mape_pct__mock_partial_completeness,random_5_fold_mean_mape_pct__mock_extensive_dataset,random_5_fold_mean_mape_pct__mock_observed_only,random_5_fold_mean_mape_pct__mock_partial_completeness,rolling_mean_mape_pct__mock_extensive_dataset,rolling_mean_mape_pct__mock_observed_only,rolling_mean_mape_pct__mock_partial_completeness
0.3,55.46943520267303,61.46013175921654,58.58705126125214,71.89239783929901,86.59739589385232,77.3439843291739,73.49064046418091,92.73438304621624,78.1636201597172
0.5,44.921119394672004,62.11256477341078,53.988686943513144,56.82013913697597,82.44174253468063,66.15332143452748,57.60836393267901,90.93484618018121,67.09229506924201
0.7,33.171972839292174,69.6069329139404,50.269176083729214,41.23165959150758,78.41297791108362,55.25732414929943,41.77561654682146,90.96415581079324,57.53705067969991
